SQL> connect emp/emp;
Connected.
SQL> set linesize 100;
SQL> select * from emp;

     EMPNO ENAME      JOB              MGR HIREDATE         SAL       COMM     DEPTNO               
---------- ---------- --------- ---------- --------- ---------- ---------- ----------               
      7369 SMITH      CLERK           7902 17-DEC-80        800                    20               
      7499 ALLEN      SALESMAN        7698 20-FEB-81       1600        300         30               
      7521 WARD       SALESMAN        7698 22-FEB-81       1250        500         30               
      7566 JONES      MANAGER         7839 02-APR-81       2975                    20               
      7654 MARTIN     SALESMAN        7698 28-SEP-81       1250       1400         30               
      7698 BLAKE      MANAGER         7839 01-MAY-81       2850                    30               
      7782 CLARK      MANAGER         7839 09-JUN-81       2450                    10               
      7788 SCOTT      ANALYST         7566 09-DEC-82       3000                    20               
      7839 KING       PRESIDENT            17-NOV-81       5000                    10               
      7844 TURNER     SALESMAN        7698 08-SEP-81       1500          0         30               
      7876 ADAMS      CLERK           7788 12-JAN-83       1100                    20               

     EMPNO ENAME      JOB              MGR HIREDATE         SAL       COMM     DEPTNO               
---------- ---------- --------- ---------- --------- ---------- ---------- ----------               
      7900 JAMES      CLERK           7698 03-DEC-81        950                    30               
      7902 FORD       ANALYST         7566 03-DEC-81       3000                    20               
      7934 MILLER     CLERK           7782 23-JAN-82       1300                    10               

14 rows selected.

SQL> select job, max(sal) from emp where deptno=10 group by job;

JOB         MAX(SAL)                                                                                
--------- ----------                                                                                
CLERK           1300                                                                                
PRESIDENT       5000                                                                                
MANAGER         2450                                                                                


SQL> select job, sal from emp where deptno=10;

JOB              SAL                                                                                
--------- ----------                                                                                
MANAGER         2450                                                                                
PRESIDENT       5000                                                                                
CLERK           1300                                                                                

SQL> select job, sal from emp where deptno=20;

JOB              SAL                                                                                
--------- ----------                                                                                
CLERK            800                                                                                
MANAGER         2975                                                                                
ANALYST         3000                                                                                
CLERK           1100                                                                                
ANALYST         3000                                                                                

SQL> select job, max(sal) from emp group by job;

JOB         MAX(SAL)                                                                                
--------- ----------                                                                                
CLERK           1300                                                                                
SALESMAN        1600                                                                                
PRESIDENT       5000                                                                                
MANAGER         2975                                                                                
ANALYST         3000                                                                                


SQL> select job, max(sal) from emp group by deptno, job;

JOB         MAX(SAL)                                                                                
--------- ----------                                                                                
CLERK           1100                                                                                
SALESMAN        1600                                                                                
MANAGER         2975                                                                                
CLERK            950                                                                                
PRESIDENT       5000                                                                                
MANAGER         2850                                                                                
CLERK           1300                                                                                
MANAGER         2450                                                                                
ANALYST         3000                                                                                

9 rows selected.

SQL> select deptno, job, max(sal) from emp group by deptno, job;

    DEPTNO JOB         MAX(SAL)                                                                     
---------- --------- ----------                                                                     
        20 CLERK           1100                                                                     
        30 SALESMAN        1600                                                                     
        20 MANAGER         2975                                                                     
        30 CLERK            950                                                                     
        10 PRESIDENT       5000                                                                     
        30 MANAGER         2850                                                                     
        10 CLERK           1300                                                                     
        10 MANAGER         2450                                                                     
        20 ANALYST         3000                                                                     

9 rows selected.

SQL> select deptno, job, sum(sal) from emp group by deptno, job;

    DEPTNO JOB         SUM(SAL)                                                                     
---------- --------- ----------                                                                     
        20 CLERK           1900                                                                     
        30 SALESMAN        5600                                                                     
        20 MANAGER         2975                                                                     
        30 CLERK            950                                                                     
        10 PRESIDENT       5000                                                                     
        30 MANAGER         2850                                                                     
        10 CLERK           1300                                                                     
        10 MANAGER         2450                                                                     
        20 ANALYST         6000                                                                     

9 rows selected.

SQL> select deptno, job, count(sal) from emp group by deptno, job;

    DEPTNO JOB       COUNT(SAL)                                                                     
---------- --------- ----------                                                                     
        20 CLERK              2                                                                     
        30 SALESMAN           4                                                                     
        20 MANAGER            1                                                                     
        30 CLERK              1                                                                     
        10 PRESIDENT          1                                                                     
        30 MANAGER            1                                                                     
        10 CLERK              1                                                                     
        10 MANAGER            1                                                                     
        20 ANALYST            2                                                                     

9 rows selected.

SQL> select deptno, avg(sal) from emp group by deptno;

    DEPTNO   AVG(SAL)                                                                               
---------- ----------                                                                               
        30 1566.66667                                                                               
        20       2175                                                                               
        10 2916.66667                                                                               

SQL> select deptno, avg(sal) from emp group by deptno HAVING avg(sal)>2000;

    DEPTNO   AVG(SAL)                                                                               
---------- ----------                                                                               
        20       2175                                                                               
        10 2916.66667                                                                               

SQL> select job, sal from emp where job='ANALYST';

JOB              SAL                                                                                
--------- ----------                                                                                
ANALYST         3000                                                                                
ANALYST         3000                                                                                


SQL> select job, avg(sal) from emp where job='ANALYST' group by job;

JOB         AVG(SAL)                                                                                
--------- ----------                                                                                
ANALYST         3000                                                                                

SQL> select job, avg(sal) from emp GROUP BY job;

JOB         AVG(SAL)                                                                                
--------- ----------                                                                                
CLERK         1037.5                                                                                
SALESMAN        1400                                                                                
PRESIDENT       5000                                                                                
MANAGER   2758.33333                                                                                
ANALYST         3000                                                                                

SQL> select job, avg(sal) from emp GROUP BY job HAVING avg(sal)<3000;

JOB         AVG(SAL)                                                                                
--------- ----------                                                                                
CLERK         1037.5                                                                                
SALESMAN        1400                                                                                
MANAGER   2758.33333                                                                                

SQL> select job, avg(sal) from emp GROUP BY job HAVING avg(sal) < (select avg(sal) from emp where job='ANALYST');

JOB         AVG(SAL)                                                                                
--------- ----------                                                                                
CLERK         1037.5                                                                                
SALESMAN        1400                                                                                
MANAGER   2758.33333                                                                                

SQL> commit;

Commit complete.

SQL> spool off;
