SQL> select ename, job, sal, comm, sal + NVL(comm ,0) "Monthly Sal" from emp;

ENAME      JOB              SAL       COMM Monthly Sal                                              
---------- --------- ---------- ---------- -----------                                              
SMITH      CLERK            800                    800                                              
ALLEN      SALESMAN        1600        300        1900                                              
WARD       SALESMAN        1250        500        1750                                              
JONES      MANAGER         2975                   2975                                              
MARTIN     SALESMAN        1250       1400        2650                                              
BLAKE      MANAGER         2850                   2850                                              
CLARK      MANAGER         2450                   2450                                              
SCOTT      ANALYST         3000                   3000                                              
KING       PRESIDENT       5000                   5000                                              
TURNER     SALESMAN        1500          0        1500                                              
ADAMS      CLERK           1100                   1100                                              

ENAME      JOB              SAL       COMM Monthly Sal                                              
---------- --------- ---------- ---------- -----------                                              
JAMES      CLERK            950                    950                                              
FORD       ANALYST         3000                   3000                                              
MILLER     CLERK           1300                   1300                                              

14 rows selected.

SQL> select ename, job, sal, comm, NVL(comm, 0) "Proper COMM", sal + NVL(comm ,0) "Monthly Sal" from emp;

ENAME      JOB              SAL       COMM Proper COMM Monthly Sal                                  
---------- --------- ---------- ---------- ----------- -----------                                  
SMITH      CLERK            800                      0         800                                  
ALLEN      SALESMAN        1600        300         300        1900                                  
WARD       SALESMAN        1250        500         500        1750                                  
JONES      MANAGER         2975                      0        2975                                  
MARTIN     SALESMAN        1250       1400        1400        2650                                  
BLAKE      MANAGER         2850                      0        2850                                  
CLARK      MANAGER         2450                      0        2450                                  
SCOTT      ANALYST         3000                      0        3000                                  
KING       PRESIDENT       5000                      0        5000                                  
TURNER     SALESMAN        1500          0           0        1500                                  
ADAMS      CLERK           1100                      0        1100                                  

ENAME      JOB              SAL       COMM Proper COMM Monthly Sal                                  
---------- --------- ---------- ---------- ----------- -----------                                  
JAMES      CLERK            950                      0         950                                  
FORD       ANALYST         3000                      0        3000                                  
MILLER     CLERK           1300                      0        1300                                  

14 rows selected.

SQL> select ename, job, sal, NVL(comm, 100) "BOUNS", sal + NVL(comm ,100) "Monthly Sal" from emp;

ENAME      JOB              SAL      BOUNS Monthly Sal                                              
---------- --------- ---------- ---------- -----------                                              
SMITH      CLERK            800        100         900                                              
ALLEN      SALESMAN        1600        300        1900                                              
WARD       SALESMAN        1250        500        1750                                              
JONES      MANAGER         2975        100        3075                                              
MARTIN     SALESMAN        1250       1400        2650                                              
BLAKE      MANAGER         2850        100        2950                                              
CLARK      MANAGER         2450        100        2550                                              
SCOTT      ANALYST         3000        100        3100                                              
KING       PRESIDENT       5000        100        5100                                              
TURNER     SALESMAN        1500          0        1500                                              
ADAMS      CLERK           1100        100        1200                                              

ENAME      JOB              SAL      BOUNS Monthly Sal                                              
---------- --------- ---------- ---------- -----------                                              
JAMES      CLERK            950        100        1050                                              
FORD       ANALYST         3000        100        3100                                              
MILLER     CLERK           1300        100        1400                                              

14 rows selected.

SQL> select ename, job, sal, comm, NVL(comm, 100) "BOUNS", sal + NVL(comm ,100) "Monthly Sal" from emp;

ENAME      JOB              SAL       COMM      BOUNS Monthly Sal                                   
---------- --------- ---------- ---------- ---------- -----------                                   
SMITH      CLERK            800                   100         900                                   
ALLEN      SALESMAN        1600        300        300        1900                                   
WARD       SALESMAN        1250        500        500        1750                                   
JONES      MANAGER         2975                   100        3075                                   
MARTIN     SALESMAN        1250       1400       1400        2650                                   
BLAKE      MANAGER         2850                   100        2950                                   
CLARK      MANAGER         2450                   100        2550                                   
SCOTT      ANALYST         3000                   100        3100                                   
KING       PRESIDENT       5000                   100        5100                                   
TURNER     SALESMAN        1500          0          0        1500                                   
ADAMS      CLERK           1100                   100        1200                                   

ENAME      JOB              SAL       COMM      BOUNS Monthly Sal                                   
---------- --------- ---------- ---------- ---------- -----------                                   
JAMES      CLERK            950                   100        1050                                   
FORD       ANALYST         3000                   100        3100                                   
MILLER     CLERK           1300                   100        1400                                   

14 rows selected.

SQL> spool off;
