SQL> select * from tab;

TNAME                          TABTYPE  CLUSTERID                                                   
------------------------------ ------- ----------                                                   
RESULT                         TABLE                                                                
EMPINFO                        TABLE                                                                
EMP                            TABLE                                                                
DEPT                           TABLE                                                                
BONUS                          TABLE                                                                
SALGRADE                       TABLE                                                                
DUMMY                          TABLE                                                                

7 rows selected.

SQL> alter table empinfo
  2  drop column deptno;

Table altered.

SQL> select * from empinfo;

     EMPNO ENAME      JOB              MGR HIREDATE         SAL       COMM                          
---------- ---------- --------- ---------- --------- ---------- ----------                          
      7369 SMITH      CLERK           7902 17-DEC-80        800                                     
      7499 ALLEN      SALESMAN        7698 20-FEB-81       1600        300                          
      7521 WARD       SALESMAN        7698 22-FEB-81       1250        500                          
      7566 JONES      MANAGER         7839 02-APR-81       2975                                     
      7654 MARTIN     SALESMAN        7698 28-SEP-81       1250       1400                          
      7698 BLAKE      MANAGER         7839 01-MAY-81       2850                                     
      7782 CLARK      MANAGER         7839 09-JUN-81       2450                                     
      7788 SCOTT      ANALYST         7566 09-DEC-82       3000                                     
      7839 KING       PRESIDENT            17-NOV-81       5000                                     
      7844 TURNER     SALESMAN        7698 08-SEP-81       1500          0                          
      7876 ADAMS      CLERK           7788 12-JAN-83       1100                                     

     EMPNO ENAME      JOB              MGR HIREDATE         SAL       COMM                          
---------- ---------- --------- ---------- --------- ---------- ----------                          
      7900 JAMES      CLERK           7698 03-DEC-81        950                                     
      7902 FORD       ANALYST         7566 03-DEC-81       3000                                     
      7934 MILLER     CLERK           7782 23-JAN-82       1300                                     

14 rows selected.

SQL> alter table empinfo set unused column comm;

Table altered.

SQL> select * from empinfo;

     EMPNO ENAME      JOB              MGR HIREDATE         SAL                                     
---------- ---------- --------- ---------- --------- ----------                                     
      7369 SMITH      CLERK           7902 17-DEC-80        800                                     
      7499 ALLEN      SALESMAN        7698 20-FEB-81       1600                                     
      7521 WARD       SALESMAN        7698 22-FEB-81       1250                                     
      7566 JONES      MANAGER         7839 02-APR-81       2975                                     
      7654 MARTIN     SALESMAN        7698 28-SEP-81       1250                                     
      7698 BLAKE      MANAGER         7839 01-MAY-81       2850                                     
      7782 CLARK      MANAGER         7839 09-JUN-81       2450                                     
      7788 SCOTT      ANALYST         7566 09-DEC-82       3000                                     
      7839 KING       PRESIDENT            17-NOV-81       5000                                     
      7844 TURNER     SALESMAN        7698 08-SEP-81       1500                                     
      7876 ADAMS      CLERK           7788 12-JAN-83       1100                                     

     EMPNO ENAME      JOB              MGR HIREDATE         SAL                                     
---------- ---------- --------- ---------- --------- ----------                                     
      7900 JAMES      CLERK           7698 03-DEC-81        950                                     
      7902 FORD       ANALYST         7566 03-DEC-81       3000                                     
      7934 MILLER     CLERK           7782 23-JAN-82       1300                                     

14 rows selected.

SQL> alter table empinfo drop unused columns;

Table altered.

SQL> select * from empinfo;

     EMPNO ENAME      JOB              MGR HIREDATE         SAL                                     
---------- ---------- --------- ---------- --------- ----------                                     
      7369 SMITH      CLERK           7902 17-DEC-80        800                                     
      7499 ALLEN      SALESMAN        7698 20-FEB-81       1600                                     
      7521 WARD       SALESMAN        7698 22-FEB-81       1250                                     
      7566 JONES      MANAGER         7839 02-APR-81       2975                                     
      7654 MARTIN     SALESMAN        7698 28-SEP-81       1250                                     
      7698 BLAKE      MANAGER         7839 01-MAY-81       2850                                     
      7782 CLARK      MANAGER         7839 09-JUN-81       2450                                     
      7788 SCOTT      ANALYST         7566 09-DEC-82       3000                                     
      7839 KING       PRESIDENT            17-NOV-81       5000                                     
      7844 TURNER     SALESMAN        7698 08-SEP-81       1500                                     
      7876 ADAMS      CLERK           7788 12-JAN-83       1100                                     

     EMPNO ENAME      JOB              MGR HIREDATE         SAL                                     
---------- ---------- --------- ---------- --------- ----------                                     
      7900 JAMES      CLERK           7698 03-DEC-81        950                                     
      7902 FORD       ANALYST         7566 03-DEC-81       3000                                     
      7934 MILLER     CLERK           7782 23-JAN-82       1300                                     

14 rows selected.

SQL> select * from DBA_UNUSED_COL_TABS;

no rows selected

SQL> select * from ALL_UNUSED_COL_TABS;

no rows selected

SQL> select * from USER_UNUSED_COL_TABS;

no rows selected

SQL> alter table empinfo set unused column job;

Table altered.

SQL> select * from empinfo;

     EMPNO ENAME             MGR HIREDATE         SAL                                               
---------- ---------- ---------- --------- ----------                                               
      7369 SMITH            7902 17-DEC-80        800                                               
      7499 ALLEN            7698 20-FEB-81       1600                                               
      7521 WARD             7698 22-FEB-81       1250                                               
      7566 JONES            7839 02-APR-81       2975                                               
      7654 MARTIN           7698 28-SEP-81       1250                                               
      7698 BLAKE            7839 01-MAY-81       2850                                               
      7782 CLARK            7839 09-JUN-81       2450                                               
      7788 SCOTT            7566 09-DEC-82       3000                                               
      7839 KING                  17-NOV-81       5000                                               
      7844 TURNER           7698 08-SEP-81       1500                                               
      7876 ADAMS            7788 12-JAN-83       1100                                               

     EMPNO ENAME             MGR HIREDATE         SAL                                               
---------- ---------- ---------- --------- ----------                                               
      7900 JAMES            7698 03-DEC-81        950                                               
      7902 FORD             7566 03-DEC-81       3000                                               
      7934 MILLER           7782 23-JAN-82       1300                                               

14 rows selected.

SQL> select * from DBA_UNUSED_COL_TABS;

OWNER                          TABLE_NAME                          COUNT                            
------------------------------ ------------------------------ ----------                            
EMP                            EMPINFO                                 1                            

SQL> select * from ALL_UNUSED_COL_TABS;

OWNER                          TABLE_NAME                          COUNT                            
------------------------------ ------------------------------ ----------                            
EMP                            EMPINFO                                 1                            

SQL> select * from USER_UNUSED_COL_TABS;

TABLE_NAME                          COUNT                                                           
------------------------------ ----------                                                           
EMPINFO                                 1                                                           

SQL> alter table empinfo drop unused columns;

Table altered.

SQL> select * from empinfo;

     EMPNO ENAME             MGR HIREDATE         SAL                                               
---------- ---------- ---------- --------- ----------                                               
      7369 SMITH            7902 17-DEC-80        800                                               
      7499 ALLEN            7698 20-FEB-81       1600                                               
      7521 WARD             7698 22-FEB-81       1250                                               
      7566 JONES            7839 02-APR-81       2975                                               
      7654 MARTIN           7698 28-SEP-81       1250                                               
      7698 BLAKE            7839 01-MAY-81       2850                                               
      7782 CLARK            7839 09-JUN-81       2450                                               
      7788 SCOTT            7566 09-DEC-82       3000                                               
      7839 KING                  17-NOV-81       5000                                               
      7844 TURNER           7698 08-SEP-81       1500                                               
      7876 ADAMS            7788 12-JAN-83       1100                                               

     EMPNO ENAME             MGR HIREDATE         SAL                                               
---------- ---------- ---------- --------- ----------                                               
      7900 JAMES            7698 03-DEC-81        950                                               
      7902 FORD             7566 03-DEC-81       3000                                               
      7934 MILLER           7782 23-JAN-82       1300                                               

14 rows selected.

SQL> commit;

Commit complete.

SQL> spool off;
