SQL> select * from tab;

TNAME                          TABTYPE  CLUSTERID                                                   
------------------------------ ------- ----------                                                   
RESULT                         TABLE                                                                
EMPINFO                        TABLE                                                                
EMP                            TABLE                                                                
DEPT                           TABLE                                                                
BONUS                          TABLE                                                                
SALGRADE                       TABLE                                                                
DUMMY                          TABLE                                                                

7 rows selected.

SQL> rename empinfo to staff;

Table renamed.

SQL> select * from tab;

TNAME                          TABTYPE  CLUSTERID                                                   
------------------------------ ------- ----------                                                   
STAFF                          TABLE                                                                
RESULT                         TABLE                                                                
EMP                            TABLE                                                                
DEPT                           TABLE                                                                
BONUS                          TABLE                                                                
SALGRADE                       TABLE                                                                
DUMMY                          TABLE                                                                

7 rows selected.

SQL> commit;

Commit complete.

SQL> spool off;
